<?xml version="1.0"?>
<!--
/**
 * Copyright © Magento, Inc. All rights reserved.
 * See COPYING.txt for license details.
 */
-->
<schema xmlns:xsi="http://www.w3.org/2001/XMLSchema-instance"
        xsi:noNamespaceSchemaLocation="urn:magento:framework:Setup/Declaration/Schema/etc/schema.xsd">
    <table name="like_table" resource="default" engine="innodb" comment="Like Table">
        <column xsi:type="int" name="like_table_id" padding="10" unsigned="true" nullable="false" identity="true"
                comment="Like Table ID"/>
        <column xsi:type="int" name="like_set_id" padding="5" unsigned="true" nullable="false"
                identity="false" default="0" comment="like Set ID"/>
        <column xsi:type="int" name="like_count" nullable="false"  default="0" comment="Like Count"/>
         <column xsi:type="int" name="dislike_count" nullable="false"  default="0" comment="Dislike Count"/>
        <column xsi:type="varchar" name="like_message" nullable="true" length="64" comment="Like Message"/>
        <constraint xsi:type="primary" referenceId="PRIMARY">
            <column name="like_table_id"/>
        </constraint>
    </table>
</schema>